modelo,seed,params,n_treino,n_teste,tempo_treino_s,tempo_inferencia_total_s,tempo_inferencia_por_amostra_us,tamanho_modelo_bytes,pico_memoria_MB,acuracia,acuracia_balanceada,f1_macro,f1_ponderada,mcc,hardware,n_jobs,rotulo_run_acuracia,rotulo_run_f1_macro,rotulo_run_mcc,n_iter,max_iter,modelo_nome
arvore_decisao,123,"{'min_samples_leaf': 20, 'max_depth': None}",1050000,10080000,83.19,1.61,0.159,1842827,1730.3,0.672005753968254,0.7398012316849817,0.7405925163759448,0.6895019286293373,0.6563727136236305,Apple M3 8GB (4P+4E),4,,,,,,Árvore de Decisão
arvore_decisao,2024,"{'min_samples_leaf': 20, 'max_depth': None}",1050000,10080000,83.13,1.66,0.165,1842679,1733.1,0.672241369047619,0.740093489010989,0.7408592484422332,0.6897152260793985,0.6566258688116164,Apple M3 8GB (4P+4E),4,,,,,,Árvore de Decisão
arvore_decisao,42,"{'min_samples_leaf': 20, 'max_depth': None}",1050000,10080000,83.05,1.59,0.157,1843031,1896.9,0.6721329365079365,0.7399677930402933,0.7407561710182792,0.6896296912141308,0.6565136105541934,Apple M3 8GB (4P+4E),4,,,,,,Árvore de Decisão
arvore_decisao,555,"{'min_samples_leaf': 20, 'max_depth': None}",1050000,10080000,85.31,1.63,0.162,1842914,1796.7,0.6721794642857143,0.7399780494505495,0.7407688928628585,0.6896679198073913,0.6565486489637091,Apple M3 8GB (4P+4E),4,,,,,,Árvore de Decisão
arvore_decisao,7,"{'min_samples_leaf': 20, 'max_depth': None}",1050000,10080000,85.01,1.67,0.165,1843004,1576.3,0.6719968253968254,0.7397692673992675,0.7405952471192879,0.6895160179773339,0.6563576736201489,Apple M3 8GB (4P+4E),4,,,,,,Árvore de Decisão
gradient_boosting,123,"{'learning_rate': 0.05, 'max_iter': 200, 'max_leaf_nodes': 31}",1050000,10080000,291.32,444.22,44.069,6873859,1848.0,0.7245510912698413,0.7651524633699635,0.7627689510905775,0.7341907936111168,0.7069580520707244,Apple M3 8GB (4P+4E),4,0.6392521825396825,0.6798237200143411,0.626199723141289,,,Gradient Boosting
gradient_boosting,2024,"{'learning_rate': 0.05, 'max_iter': 200, 'max_leaf_nodes': 31}",1050000,10080000,280.0,423.58,42.022,6900678,1469.0,0.6197811507936508,0.6609469963369964,0.6693205226856612,0.6435962770401076,0.604267202168043,Apple M3 8GB (4P+4E),4,0.5535801587301588,0.5957758842649046,0.5390903097520297,,,Gradient Boosting
gradient_boosting,42,"{'learning_rate': 0.05, 'max_iter': 200, 'max_leaf_nodes': 31}",1050000,10080000,303.17,447.66,44.411,6910979,1525.0,0.7103188492063492,0.7517918498168498,0.7493135394287102,0.7205165784397557,0.6918091319287123,Apple M3 8GB (4P+4E),4,0.6281824404761904,0.6683831918879679,0.6139648683411949,,,Gradient Boosting
gradient_boosting,555,"{'learning_rate': 0.05, 'max_iter': 200, 'max_leaf_nodes': 31}",1050000,10080000,287.46,435.62,43.216,6914007,1645.0,0.563175,0.5661125,0.5969201329005933,0.5845722557967524,0.5275598552036918,Apple M3 8GB (4P+4E),4,0.4756948412698413,0.5276195781471964,0.4584415495545194,,,Gradient Boosting
gradient_boosting,7,"{'learning_rate': 0.05, 'max_iter': 200, 'max_leaf_nodes': 31}",1050000,10080000,295.35,430.45,42.703,6920719,1472.3,0.7122868055555556,0.7515055128205128,0.7516625355450943,0.723757499468466,0.6935993009662877,Apple M3 8GB (4P+4E),4,0.6280212301587301,0.6699195275626111,0.6142398035575148,,,Gradient Boosting
random_forest,123,"{'n_estimators': 200, 'min_samples_leaf': 20, 'max_features': 0.3}",1050000,10080000,1289.39,97.74,9.696,300028595,1534.8,0.7444053571428572,0.7896974862637363,0.7931852927686204,0.7585057055816489,0.7278256146740717,Apple M3 8GB (4P+4E),4,0.6595626984126984,0.7072334643085425,0.6475102466845384,,,Random Forest
random_forest,2024,"{'n_estimators': 200, 'min_samples_leaf': 20, 'max_features': 0.3}",1050000,10080000,1264.88,95.19,9.443,300263723,1462.6,0.7455880952380952,0.7902603296703297,0.793916521884343,0.7596268359592262,0.7289826196311878,Apple M3 8GB (4P+4E),4,0.6599371031746032,0.7077299458903972,0.6479811247282727,,,Random Forest
random_forest,42,"{'n_estimators': 200, 'min_samples_leaf': 20, 'max_features': 0.3}",1050000,10080000,1224.71,95.37,9.461,299977852,1404.8,0.7452877976190476,0.7900851648351648,0.7937420607228562,0.7593596168117456,0.7286871875733361,Apple M3 8GB (4P+4E),4,0.6598284722222222,0.7076098625160235,0.64785911148803,,,Random Forest
random_forest,555,"{'n_estimators': 200, 'min_samples_leaf': 20, 'max_features': 0.3}",1050000,10080000,1281.86,100.38,9.958,300269077,1574.6,0.7453939484126985,0.7901080265567766,0.7936987628077506,0.7594158460489896,0.728790351243173,Apple M3 8GB (4P+4E),4,0.659790873015873,0.7075391039416462,0.6478132269597623,,,Random Forest
random_forest,7,"{'n_estimators': 200, 'min_samples_leaf': 20, 'max_features': 0.3}",1050000,10080000,1269.94,99.18,9.839,300168176,1420.5,0.7452753968253968,0.7901669184981686,0.7937451674730799,0.759370792119941,0.728693835563499,Apple M3 8GB (4P+4E),4,0.6598244047619047,0.707598595808864,0.6478134688146103,,,Random Forest
regressao_logistica,123,{'C': 10.0},1050000,10080000,148.78,1.3,0.129,6445,1191.4,0.57914375,0.508589423076923,0.4748833035126732,0.4885486460524724,0.5530446541692656,Apple M3 8GB (4P+4E),4,0.4315781746031746,0.4171780154760124,0.4564103548776393,841.0,5000.0,Regressão Logística
regressao_logistica,2024,{'C': 10.0},1050000,10080000,137.48,1.11,0.11,6445,978.2,0.57914375,0.508589423076923,0.4748833035126732,0.4885486460524724,0.5530446541692656,Apple M3 8GB (4P+4E),4,0.4315781746031746,0.4171780154760124,0.4564103548776393,841.0,5000.0,Regressão Logística
regressao_logistica,42,{'C': 10.0},1050000,10080000,127.83,1.13,0.113,6445,1498.3,0.57914375,0.508589423076923,0.4748833035126732,0.4885486460524724,0.5530446541692656,Apple M3 8GB (4P+4E),4,0.4315781746031746,0.4171780154760124,0.4564103548776393,841.0,5000.0,Regressão Logística
regressao_logistica,555,{'C': 10.0},1050000,10080000,167.1,1.8,0.179,6445,1042.0,0.57914375,0.508589423076923,0.4748833035126732,0.4885486460524724,0.5530446541692656,Apple M3 8GB (4P+4E),4,0.4315781746031746,0.4171780154760124,0.4564103548776393,841.0,5000.0,Regressão Logística
regressao_logistica,7,{'C': 10.0},1050000,10080000,142.76,1.95,0.194,6445,1062.8,0.57914375,0.508589423076923,0.4748833035126732,0.4885486460524724,0.5530446541692656,Apple M3 8GB (4P+4E),4,0.4315781746031746,0.4171780154760124,0.4564103548776393,841.0,5000.0,Regressão Logística
svm_nystroem,123,"{'n_components': 500, 'alpha': 1e-05}",1050000,10080000,56.35,23.31,2.313,1172483,1610.8,0.48756289682539683,0.5850754761904763,0.5216928426221614,0.43474403551846785,0.49200835268847615,Apple M3 8GB (4P+4E),4,0.49549940476190474,0.481262432052334,0.4851267780760732,,,SVM (Nyström)
svm_nystroem,2024,"{'n_components': 500, 'alpha': 1e-05}",1050000,10080000,55.6,22.8,2.262,1169664,1616.4,0.5022719246031746,0.6027263095238096,0.5404052860484998,0.45033773837374996,0.5230872223385276,Apple M3 8GB (4P+4E),4,0.5102084325396825,0.49726711535367485,0.5157709568124494,,,SVM (Nyström)
svm_nystroem,42,"{'n_components': 500, 'alpha': 1e-05}",1050000,10080000,50.84,21.7,2.153,1169536,2050.4,0.48451984126984127,0.5814238095238095,0.4839647532391518,0.4033039610326265,0.4867645379575446,Apple M3 8GB (4P+4E),4,0.49245634920634923,0.4496698473864436,0.4799563070234092,,,SVM (Nyström)
svm_nystroem,555,"{'n_components': 500, 'alpha': 1e-05}",1050000,10080000,53.46,20.48,2.032,1168989,1735.6,0.49955446428571426,0.5994653571428571,0.5513020005274734,0.45941833377289454,0.5194766567848703,Apple M3 8GB (4P+4E),4,0.5074909722222222,0.50609019148126,0.5122108911661915,,,SVM (Nyström)
svm_nystroem,7,"{'n_components': 500, 'alpha': 1e-05}",1050000,10080000,56.9,21.78,2.161,1170539,1779.0,0.4774494047619048,0.5729392857142857,0.46115410109865934,0.38429508424888276,0.47814423560469393,Apple M3 8GB (4P+4E),4,0.4853859126984127,0.42986623424841464,0.4714565742777582,,,SVM (Nyström)
xgboost,123,"{'n_estimators': 500, 'max_depth': 6, 'learning_rate': 0.1}",1050000,10080000,538.82,315.73,31.323,13586407,1582.9,0.7635849206349207,0.8147693086080587,0.8169039465932519,0.778333131955354,0.7492385792609754,Apple M3 8GB (4P+4E),4,0.6804110119047619,0.7289557002785693,0.6691175921082636,,,XGBoost
xgboost,2024,"{'n_estimators': 500, 'max_depth': 6, 'learning_rate': 0.1}",1050000,10080000,520.13,316.42,31.39,13628921,1417.3,0.7642519841269841,0.8152863232600732,0.8173585961407885,0.7789193965422113,0.7499414989013833,Apple M3 8GB (4P+4E),4,0.6808176587301588,0.729317116018912,0.6695744530558805,,,XGBoost
xgboost,42,"{'n_estimators': 500, 'max_depth': 6, 'learning_rate': 0.1}",1050000,10080000,523.01,330.54,32.792,13609567,1526.7,0.763634126984127,0.8150456639194138,0.8170573178627526,0.7783869547482212,0.749349823735431,Apple M3 8GB (4P+4E),4,0.6806664682539683,0.7291370842344667,0.6693609266003334,,,XGBoost
xgboost,555,"{'n_estimators': 500, 'max_depth': 6, 'learning_rate': 0.1}",1050000,10080000,513.44,303.7,30.129,13615666,1266.3,0.7642489087301587,0.8153899404761903,0.8174579547675366,0.7789731263025457,0.7499620918133707,Apple M3 8GB (4P+4E),4,0.6808395833333334,0.7293861560185659,0.6695757155445815,,,XGBoost
xgboost,7,"{'n_estimators': 500, 'max_depth': 6, 'learning_rate': 0.1}",1050000,10080000,531.09,318.07,31.554,13582266,1845.6,0.7637050595238095,0.8152594368131868,0.8172400267296825,0.7784821090339911,0.7494490098951188,Apple M3 8GB (4P+4E),4,0.6808165674603175,0.729306261956147,0.6695012303681074,,,XGBoost
